0	K07497	1182.0252334285356
1	K21572	899.5112931431073
2	K07133	885.3480921206769
3	K07495	806.106834055307
4	K03088	758.6411060104753
5	K07486	651.2908246959848
6	K07487	589.6080837181376
7	K02004	522.5084188848477
8	K03111	505.1803067560717
9	K07484	424.51887651801366
10	K07483	343.8895602890737
11	K07488	319.43132976044456
12	K06921	316.97115327895443
13	K07481	303.3266749487701
14	K06400	301.5769823036737
15	K02355	301.2589468322066
16	K18954	298.01130264749986
17	K07485	284.64760817821787
18	K07154	284.36291524421705
19	K04095	281.9166574345108
20	K07482	281.03725332297967
21	K21573	278.1812753094839
22	K02952	277.94559000712735
23	K02886	272.68921695129336
24	K01154	272.3159860026423
25	K03737	263.1222003367349
26	K01448	253.31284565209776
27	K02965	247.79775195021645
28	K05988	243.210285100068
29	K03327	241.71726028483963
30	K02892	241.39493916889393
31	K02926	240.08773950017763
32	K02874	236.8210234874632
33	K02961	236.8210234874632
34	K02890	236.31312320469655
35	K01190	230.73605780950913
36	K02982	227.0673611680795
37	K01610	223.15614144519796
38	K03427	222.7714639850752
39	K02518	221.68333924764138
40	K00962	221.4989016504258
41	K02878	219.09863673191927
42	K07491	219.07432869379937
43	K01209	218.15484708036422
44	K01915	217.92112540039096
45	K02907	217.66054911317096
46	K02357	216.3259761159523
47	K02881	215.87054635704877
48	K03497	215.59007316783135
49	K02933	212.72801526602277
50	K01006	210.73494922820294
51	K12373	208.00361389100874
52	K02988	205.78751897785205
53	K02876	204.62198594293963
54	K02003	203.56464539685982
55	K01358	200.78039278142347
56	K02935	197.02566610022498
57	K00986	196.69275709973206
58	K02948	195.99105928649473
59	K03797	194.47684739271696
60	K03073	194.24144444358856
61	K03559	192.92514132040014
62	K02994	189.0786397971839
63	K02895	189.0749346974683
64	K03832	188.97928678525057
65	K07240	186.52448993524044
66	K03324	186.01063100831595
67	K08640	184.89693511211195
68	K03496	184.62238743463968
69	K02931	183.92736397077056
70	K03406	181.4779986744948
71	K02358	181.28177808809585
72	K06142	180.67159402917116
73	K03569	179.0772914856593
74	K03040	178.60747862840665
75	K01153	175.93786338453563
76	K01868	175.36461103966684
77	K02078	172.65085459905546
78	K02906	171.90409452530938
79	K02316	170.5212077658685
80	K07727	169.98551505828053
81	K02967	167.3480838835167
82	K00927	166.6957338908277
83	K02902	162.81672581216088
84	K02520	161.6237393811845
85	K02946	160.989124747558
86	K03076	160.48421942912455
87	K03701	160.27634345494008
88	K02913	159.97831666677084
89	K01887	159.27760489805127
90	K01624	158.5172041783474
91	K02919	158.28481470154537
92	K07493	156.3720964266371
93	K00656	155.64240624989762
94	K02888	154.08534368557156
95	K01686	152.7234113682745
96	K03561	151.89161369926236
97	K01056	151.4040511112718
98	K02429	151.012008931955
99	K02867	150.9267514923802
100	K06131	150.88963115580552
101	K07052	150.52285373920606
102	K03671	148.527641474977
103	K00764	148.42744424560803
104	K07056	147.12431693350507
105	K14059	145.71375051848136
106	K00688	145.5928931554364
107	K02986	145.47937584609952
108	K03631	144.2718555366677
109	K03466	144.2533714554189
110	K03043	143.99177996539294
111	K07098	143.8757848720308
112	K01872	143.5652613481035
113	K03424	143.5193525457923
114	K01972	143.48891677022678
115	K02992	143.41880479318084
116	K02916	143.03533196663517
117	K15633	142.55932413920203
118	K01265	142.53918547482067
119	K02864	141.9584649657338
120	K02956	141.65756671132584
121	K03924	141.55170445479072
122	K02356	140.61612845333366
123	K01206	140.34973677225295
124	K07496	139.49442725088392
125	K02338	138.938824442187
126	K03217	137.27681244812393
127	K00831	137.0144914990056
128	K03091	136.3354157191763
129	K01869	136.21276400967707
130	K07462	136.18716229490173
131	K18682	135.63709930251113
132	K06207	134.99835383592514
133	K22278	134.24989943747875
134	K04077	134.23134357278747
135	K01951	133.1721603325954
136	K02945	132.25519858696387
137	K07566	131.6425314526416
138	K07001	131.37093354239548
139	K02939	131.3393041351276
140	K02314	130.58194784839569
141	K07107	130.22932001878843
142	K02600	130.06731322722962
143	K07568	129.40587231645148
144	K00558	129.15924361729492
145	K00602	128.89802201920423
146	K03527	128.68253142214024
147	K02899	128.12405735659135
148	K02963	127.74971147605014
149	K02519	127.58388803918035
150	K02884	127.52670059184952
151	K16870	127.40687393190846
152	K00789	127.32094204549989
153	K01812	126.82803136891145
154	K01990	126.19715179449153
155	K07150	125.95693091711652
156	K02871	125.43156234809798
157	K03498	125.29635450812235
158	K00760	124.37972708903732
159	K07063	124.35336936374107
160	K01876	124.1987426698767
161	K04759	124.08319535823185
162	K03545	123.9108492644291
163	K11072	123.81737621238183
164	K02879	123.24293485132281
165	K02601	123.08767439447006
166	K02863	122.91957922062655
167	K00240	122.72094752614318
168	K02029	122.7099835884779
169	K02313	122.21139067406834
170	K03624	121.97124453207293
171	K03307	121.84332508230814
172	K19294	121.80250946719573
173	K02897	121.79396040002526
174	K00790	120.86768652863063
175	K03070	120.63056042473482
176	K07114	120.43485344797155
177	K20509	120.21610981764907
178	K25307	120.12121327845087
179	K01000	119.57293225522706
180	K04078	119.46668472753846
181	K03629	119.22298218030363
182	K18197	119.07130791565939
183	K00948	118.57960322059121
184	K01874	118.2942998116505
185	K02950	118.10683972214837
186	K09748	117.90730754834654
187	K00891	116.79651332554454
188	K07492	116.79307975610708
189	K04567	116.77208794052551
190	K06187	116.75710782698755
191	K18672	116.68721594066564
192	K02034	116.65627905943701
193	K03615	116.63731791084452
194	K00939	116.43446920020742
195	K03046	116.42466248014779
196	K03544	115.49260083582105
197	K03501	115.3802401138206
198	K03687	115.3372983584042
199	K09955	115.29231189999423
200	K00286	114.42010477699482
201	K02909	113.79770653475452
202	K07478	113.7160727780758
203	K03551	113.08681000163325
204	K02904	113.0691931876468
205	K02838	113.03526268991985
206	K02959	112.7265150626558
207	K00262	112.67076588502088
208	K01785	112.08674382318489
209	K07263	111.9615522055491
210	K00554	111.87430205065468
211	K01091	111.80694432989081
212	K02483	110.73348410871823
213	K04079	110.25502464717691
214	K03593	109.86824603843915
215	K00145	109.85750856349125
216	K02911	109.6145565433045
217	K03595	109.46478965628741
218	K07042	109.4458667662344
219	K01776	108.94341701464266
220	K00134	108.24417145347894
221	K00059	107.82072275422003
222	K01991	107.74388981833356
223	K08600	107.55771967973591
224	K02996	107.40472279645412
225	K01803	107.28655827243357
226	K03612	107.19551951606412
227	K03625	107.08035616344137
228	K01689	106.97787061310528
229	K01866	106.95112786765254
230	K01880	106.85630734605242
231	K00975	106.71341087962084
232	K14623	106.6715563569352
233	K01867	106.57600496147927
234	K07082	106.47656220617345
235	K02834	105.965541497207
236	K02495	105.90545795034443
237	K22719	105.8440002256424
238	K04485	105.70572818167567
239	K07720	105.6469363477659
240	K03536	105.38482121651842
241	K06909	104.43140325549012
242	K00969	104.42109072933754
243	K03100	103.4135657528459
244	K04066	102.83371811835875
245	K03499	102.75822588091808
246	K01653	102.64476361104722
247	K02171	102.6394252615639
248	K03210	102.57998849152858
249	K02342	102.47605367224406
250	K01921	102.41452753657242
251	K03589	102.3708943947585
252	K00971	102.28166066415348
253	K03218	102.0602589365028
254	K04762	101.94222024966264
255	K07040	101.69020782766236
256	K07560	101.52349702172202
257	K03550	101.07964377694337
258	K09888	100.92560279160561
259	K03723	100.88045417174503
260	K00088	100.8444579366949
261	K01933	100.83040284820981
262	K07126	100.81928858778267
263	K01507	100.72035937904062
264	K03665	100.58634974235738
265	K01890	100.27268532005436
266	K01447	100.21555017233851
267	K01953	100.01824121621125
268	K01775	99.99218226860383
269	K03648	99.91037140950255
270	K03702	99.90264652115405
271	K09903	99.5683627624174
272	K03553	98.90138577489043
273	K03585	98.71137910099063
274	K02033	98.59265885215727
275	K02954	98.51473019933847
276	K06889	98.03171288756562
277	K01929	97.78632979693883
278	K01940	97.59240655656397
279	K00351	97.56777915082021
280	K01945	97.47756698895864
281	K01875	97.38330987057994
282	K01889	97.29613720455329
283	K03169	97.26018489209723
284	K03570	96.94094508965067
285	K03979	96.61786553878562
286	K00762	96.42097626744483
287	K23242	96.36236210417701
288	K03703	96.34008541342997
289	K03630	96.15376831945382
290	K12063	96.13880453699299
291	K03101	95.84554675954628
292	K11070	95.49496822730914
293	K01883	95.32587304062677
294	K01588	95.19344213638917
295	K02030	94.8359931453326
296	K07460	94.66433318748435
297	K00700	94.26251237261518
298	K09811	93.9847264638552
299	K03704	93.86818281527663
300	K00350	93.84056537639295
301	K00945	93.75998294778759
302	K06925	93.56776062166726
303	K00942	93.27902588910499
304	K06941	93.2544556468067
305	K03601	93.2143546934538
306	K08602	92.87808087566269
307	K00981	92.53715648987243
308	K06949	92.51971860109411
309	K03786	92.35068756004117
310	K03925	92.21434640193374
311	K15923	92.17967944766905
312	K06997	91.97488754210629
313	K02028	91.92233097524068
314	K01992	91.90652042856567
315	K02172	91.83878762775979
316	K03286	91.80479169545546
317	K11991	91.62957781866389
318	K07029	91.53865736887818
319	K16927	91.49876964084129
320	K09013	91.46480406512684
321	K03526	91.46437952127317
322	K00858	91.44730182340957
323	K01519	91.31443893749747
324	K03977	91.08997699986652
325	K01586	90.96364122690473
326	K00548	90.96087141279253
327	K00075	90.8569371799261
328	K14445	90.78747059543144
329	K07447	90.71165564547654
330	K00925	90.47186270551232
331	K03531	90.42790569479
332	K01892	89.48609979870687
333	K01489	89.2811606760575
334	K00600	89.23781864016746
335	K04069	89.0114027283239
336	K07090	88.85308402901228
337	K04075	88.73738379145432
338	K01873	88.58300813852863
339	K07037	88.51892891816391
340	K03205	88.4868422219684
341	K01885	88.42404153186352
342	K03657	88.3613526856848
343	K01270	88.09413337015643
344	K13292	87.72747727636012
345	K02503	87.71824103646092
346	K03168	87.56823287275911
347	K00615	87.46561705436764
348	K07317	87.23609623571906
349	K07273	87.11191767542304
350	K01809	87.09193488911365
351	K02990	86.9657948451433
352	K00798	86.8460729564904
353	K22900	86.81344168678488
354	K06178	86.70085931195335
355	K02968	86.18465551209361
356	K06287	86.12737646128949
357	K19304	86.09754845228177
358	K00806	85.95147964075704
359	K03439	85.79915343486965
360	K06158	85.67181026064013
361	K02887	85.48102479839645
362	K03308	85.42915164947442
363	K01735	85.14241733021322
364	K00773	85.07654039244693
365	K15921	85.0274036734443
366	K00609	84.8965993010883
367	K01613	84.81321128417537
368	K03685	84.78148104894548
369	K04773	84.3915493496822
370	K03976	84.2860857002133
371	K03590	84.04096590679126
372	K01676	84.01215889302837
373	K15532	83.5824012706771
374	K02238	83.43370000887252
375	K01462	83.42026150751934
376	K14441	83.39727289750643
377	K00919	83.33990359142152
378	K02564	83.32104960125409
379	K06223	83.23737588060733
380	K09607	83.08425687814857
381	K06381	83.07464911750309
382	K00791	83.02871189873107
383	K01770	82.84476886017569
384	K01740	82.81835033962632
385	K03116	82.80198598852634
386	K03781	82.75883887640636
387	K01704	82.24375749327969
388	K21636	82.18855071831162
389	K01752	81.87816780770629
390	K01893	81.69707331486643
391	K12410	81.69673041242379
392	K22522	81.55913795655304
393	K08307	81.26927689656735
394	K01005	81.22006334800201
395	K14742	81.15187586232837
396	K07085	81.14091599345775
397	K01703	80.88160372477542
398	K07258	80.88001088381579
399	K01714	80.87869611345829
400	K03495	80.75798393069515
401	K00763	80.58804832124085
402	K02031	80.5351281575123
403	K00800	80.39251024255681
404	K01649	80.3782298369395
405	K03517	80.37351778056677
406	K04096	80.3208527378507
407	K10773	80.31667699665098
408	K04068	80.15827144730241
409	K00133	80.11044570741765
410	K07473	80.02750891081187
411	K03614	79.98416238829492
412	K05970	79.96136599440906
413	K02563	79.94231521759355
414	K00287	79.88193691575373
415	K03975	79.69009154602008
416	K03650	79.66515516039259
417	K06330	79.54245148783131
418	K03075	79.49710047131663
419	K02836	79.25411706805845
420	K03744	79.17355609923717
421	K03110	79.10445921886546
422	K03215	79.04205866032824
423	K03437	79.0353313958787
424	K02032	78.9742044926981
425	K00859	78.73148931101423
426	K09022	78.73094406688827
427	K03106	78.61778955248361
428	K05515	78.61530450245533
429	K06153	78.56159772585656
430	K02124	78.41563897852502
431	K00175	78.36109601647239
432	K01591	77.90405885553815
433	K03803	77.67374126758604
434	K03664	77.59273674697903
435	K00349	77.34193176266878
436	K01783	77.25408410417991
437	K07075	77.24414559770803
438	K00954	76.92483996001864
439	K01784	76.89517430781285
440	K07301	76.89431640622398
441	K00053	76.73039975147675
442	K07165	76.7002203603165
443	K15635	76.59918303404245
444	K08316	76.51846240423767
445	K03470	76.51799968319239
446	K07238	76.44232367938055
447	K03525	76.42298792619212
448	K06872	76.1307891810093
449	K01939	76.00441880217342
450	K02010	75.88829219684538
451	K01491	75.80996706317646
452	K00784	75.77341384543992
453	K00347	75.55112256227125
454	K01251	75.28222830497707
455	K03596	75.22577963373308
456	K00099	75.06010499272675
457	K06881	74.97031364344684
458	K07171	74.815434846714
459	K01808	74.7794986035743
460	K14058	74.77312021190289
461	K02335	74.70704014952453
462	K03978	74.34951599075207
463	K01493	74.23725406017677
464	K03310	74.2366310063214
465	K03574	74.0881953622791
466	K03565	74.03923344243636
467	K15342	73.8431682361712
468	K04486	73.72464106123402
469	K02500	73.60932519465578
470	K19157	73.59173049374785
471	K01662	73.51960121154171
472	K03613	73.5137811251704
473	K00796	73.46477879382626
474	K11753	73.13335951870694
475	K01069	72.9159087989684
476	K00817	72.77837872235102
477	K01173	72.7760812824876
478	K06959	72.74112659547784
479	K03602	72.70298683140756
480	K00432	72.5054773702876
481	K02341	72.45779811316943
482	K03177	72.37527749675667
483	K07322	72.30014648176245
484	K03564	72.19778611406372
485	K03699	71.98574302753839
486	K05808	71.96118228880938
487	K01719	71.94663435011289
488	K17103	71.87718907511784
489	K06168	71.84113915985118
490	K01181	71.81789314245061
491	K07079	71.57798101165153
492	K00610	71.4099508258231
493	K00057	71.37958238749289
494	K02970	71.20535839056181
495	K01755	71.15098505875372
496	K04763	71.11804886156014
497	K02914	71.07307901165467
498	K02835	71.00024406421362
499	K09014	70.90669987275878
500	K02242	70.89312100563032
501	K20074	70.62093133341344
502	K00950	70.58073081043709
503	K03617	70.51897156019412
504	K00826	70.3688570343783
505	K12132	70.205327354157
506	K07271	70.01659125235906
507	K03811	69.99492493009589
508	K03402	69.94677779479427
509	K01262	69.90978626073523
510	K07284	69.78021693483332
511	K02837	69.48955813859735
512	K00655	69.48773761996586
513	K02343	69.36534528641067
514	K03575	69.32135773085926
515	K03152	69.14700015971415
516	K01881	69.13787667936576
517	K02123	69.09259862353649
518	K04564	69.03635684465175
519	K00215	68.92819878129536
520	K05540	68.80526511952704
521	K06861	68.70720541326081
522	K16899	68.65388046399181
523	K06926	68.39493314030264
524	K02437	68.28024589778133
525	K01585	67.91270495991763
526	K00604	67.7973642642594
527	K07405	67.77093974380934
528	K01687	67.57172323699001
529	K00640	67.51795687772697
530	K07137	67.17945967183675
531	K03524	67.12824163922667
532	K06217	67.06528233290803
533	K09761	66.96536517813534
534	K06973	66.89906113465855
535	K01886	66.81226768555227
536	K01449	66.78198118518164
537	K01424	66.59403341478735
538	K01151	66.41756685892027
539	K06942	66.24833813520884
540	K00974	66.18732093823235
541	K09747	66.11136228918485
542	K22391	66.02874373520214
543	K05606	65.77673495900589
544	K01926	65.61706693824654
545	K01198	65.55521655350927
546	K03584	65.52010358200194
547	K06969	65.51891968051989
548	K02470	65.44399269680295
549	K11755	65.37102719176377
550	K09812	65.29279583026354
551	K01218	65.23019063763445
552	K01810	65.19297586878368
553	K02340	65.02492162606649
554	K02395	64.89048406440034
555	K01756	64.7973444075233
556	K09793	64.57073610407662
557	K06901	64.46681978268958
558	K09808	64.43511529385675
559	K07391	64.37800703584537
560	K03581	64.31592230185088
561	K15460	64.11183506365964
562	K01633	64.01254958425939
563	K01937	63.971059860696236
564	K03973	63.92490986410478
565	K00943	63.753097786269464
566	K02687	63.69835605634122
567	K07456	63.549623131386234
568	K02121	63.39031085985237
569	K21472	63.3859178366772
570	K11749	63.33840153400098
571	K02066	63.16913862702176
572	K01520	63.06253845954994
573	K01955	63.00367616513344
574	K00705	62.90861042004931
575	K07095	62.88005413608233
576	K07590	62.78002132720948
577	K01159	62.74803644461929
578	K00174	62.72914345801194
579	K00266	62.2864288641864
580	K01129	62.28276126466849
581	K09125	62.04687923800626
582	K20265	61.91751086808825
583	K05810	61.810971776212874
584	K22452	61.793812584907954
585	K02528	61.61273973468897
586	K02493	61.51111232593115
587	K00767	61.49233710801995
588	K02536	61.43635684761511
589	K23351	61.351925627948695
590	K07738	61.28866299974035
591	K10206	61.21915093934136
592	K00625	61.19290320993883
593	K03628	61.123450795224656
594	K00297	61.07449280094837
595	K07259	60.971884776629096
596	K02426	60.85235291470708
597	K03438	60.829731143767034
598	K02035	60.750797104251134
599	K00677	60.523070641041144
600	K02860	60.48041747638482
601	K19824	60.4411143083404
602	K09710	60.403247042923
603	K01870	60.26872496850327
604	K06958	60.076056967689524
605	K06173	60.017510686520524
606	K01372	59.79345277318358
607	K06346	59.735106055330064
608	K07076	59.66809880390269
609	K01284	59.52410604071435
610	K00748	59.486990277666116
611	K02217	59.43918620312347
612	K00991	59.21828991135653
613	K07124	59.18400793639485
614	K06133	59.108959241800754
615	K00346	59.105318345257
616	K03547	58.92158345413009
617	K01814	58.87934221275654
618	K01923	58.838663517943544
619	K03558	58.37089008593468
620	K03572	58.075013878048466
621	K01924	57.965392950218316
622	K19302	57.93278254700923
623	K09952	57.80380698342156
624	K02372	57.67836611805336
625	K03340	57.62332267045034
626	K00783	57.56053955441477
627	K05349	57.4813808918905
628	K11176	57.43044352079291
629	K00973	57.370949552242365
630	K01818	57.29119884161122
631	K15255	57.29050693303687
632	K01201	57.2010465305361
633	K00147	57.15541227786656
634	K03655	57.138315280765894
635	K09787	57.04479473954353
636	K00793	56.863021618109286
637	K00765	56.701858689080055
638	K00856	56.498002750077205
639	K05837	56.49113743413575
640	K03719	56.364826011898394
641	K03534	56.34501155365756
642	K00930	56.28112263476016
643	K04749	56.18315211049003
644	K08591	56.08162793396286
645	K07139	56.05731978161339
646	K03502	55.910414360904554
647	K02237	55.90078597555855
648	K00876	55.87513948654878
649	K07452	55.87078792663971
650	K06204	55.76109376300754
651	K06904	55.68477562561138
652	K20866	55.667122325478395
653	K00560	55.471261429909696
654	K25706	55.456226124149374
655	K03771	55.45264314950757
656	K04487	55.42022430407345
657	K02052	55.360508007300666
658	K06962	55.307872203892714
659	K09144	55.28262143668978
660	K03734	55.21513893807753
661	K00759	55.20853817867342
662	K00348	55.1562067707308
663	K07315	55.05366151688747
664	K01258	55.05242080409373
665	K01928	55.04813178793222
666	K07091	55.010969758088606
667	K00651	54.95741428210499
668	K06412	54.936932246340234
669	K00018	54.88357118984948
670	K00645	54.74327399364371
671	K06374	54.740643948940544
672	K00077	54.72908466378457
673	K05833	54.67237635455819
674	K03092	54.49337469134313
675	K06180	54.47696825988474
676	K11068	54.40172991313148
677	K18979	54.13681483498296
678	K01791	54.12346283327663
679	K02337	54.09963026145769
680	K12574	54.07253156817431
681	K01356	53.90107971260059
682	K02501	53.85013409490476
683	K03686	53.811717982315855
684	K01736	53.75284450428225
685	K01273	53.69613376395185
686	K09951	53.52293192776021
687	K00052	53.154996368907334
688	K07058	52.91280432531618
689	K00241	52.80167393645594
690	K03118	52.78043669839438
691	K02851	52.76111202249419
692	K00848	52.73382932501407
693	K03616	52.71207970541046
694	K19689	52.66987488438129
695	K01626	52.62083238113951
696	K01726	52.534963351535744
697	K01278	52.21755962173007
698	K09132	52.204901489493686
699	K01952	52.191419041653845
700	K00652	52.17887013749873
701	K03321	52.124957842692545
702	K01579	52.09735648977728
703	K01497	52.02812541820835
704	K09760	52.02742202240859
705	K14155	52.00701908743231
706	K01077	52.00349514538449
707	K03555	51.890966897920066
708	K01912	51.40963404603903
709	K00016	51.369506823910704
710	K03113	51.34290376188234
711	K00588	51.2827853278941
712	K07729	51.09315753295076
713	K00648	51.064577808420886
714	K07164	50.97595214218486
715	K01197	50.972443159245024
716	K05919	50.9467576270607
717	K23352	50.86076467881529
718	K03208	50.82296516043027
719	K00290	50.803187063050295
720	K16053	50.72241276235011
721	K11105	50.67247793675085
722	K01619	50.64001064910093
723	K06113	50.63975853512213
724	K01442	50.608926033303035
725	K01126	50.521968955531115
726	K00794	50.417885772718186
727	K06001	50.36537810823492
728	K11720	50.258628335252176
729	K01465	49.972289273172606
730	K25232	49.94143964752425
731	K09704	49.88156299909844
732	K04043	49.800159404617354
733	K19693	49.67718026430592
734	K11717	49.67224001670491
735	K00873	49.526943970753486
736	K12573	49.44064793479554
737	K03474	49.30514306492123
738	K20276	49.28830435437224
739	K11754	49.096587944337095
740	K01495	49.08413046662081
741	K00912	49.039488900373144
742	K01996	48.99708966615005
743	K00895	48.822161034910245
744	K16785	48.701298838312184
745	K04083	48.68038285253546
746	K08303	48.62737253100515
747	K00180	48.41444949014635
748	K06373	48.29934887243774
749	K05989	48.19996451877214
750	K06885	48.17450683396192
751	K01925	48.1593174080572
752	K18700	48.017978097100425
753	K01934	48.01728530158233
754	K18707	47.96118795954856
755	K02036	47.95097074440463
756	K01734	47.94170983545698
757	K01805	47.80050626169109
758	K03733	47.70738616379234
759	K00567	47.666490403813754
760	K21903	47.6161004208094
761	K07816	47.41597409554627
762	K06284	47.34722729247487
763	K03790	47.33755235777446
764	K01163	47.2209523736084
765	K01787	47.217926357165354
766	K03530	47.18502165546934
767	K11752	47.181193067265944
768	K06213	47.159119600074334
769	K01207	47.092677350820736
770	K02823	46.828786505385224
771	K03522	46.81437485230691
772	K13993	46.759125754365876
773	K06871	46.65676765365442
774	K02231	46.64574095693366
775	K01625	46.599094398293175
776	K00537	46.582400530408115
777	K02477	46.53826865538807
778	K07138	46.42137459659446
779	K00850	46.243118838676864
780	K03060	46.072273400898446
781	K01997	45.95549468721569
782	K03521	45.82337511321174
783	K05896	45.8185981948168
784	K03789	45.79584368865333
785	K01998	45.75353246233292
786	K03281	45.66358184239294
787	K00003	45.64745366609074
788	K00606	45.59153469374338
789	K00970	45.44251588417235
790	K07407	45.428644217331914
791	K01733	45.39812216935943
792	K01778	45.3785156842951
793	K00872	45.21231155952361
794	K08177	45.174377941951505
795	K00046	45.08079419107659
796	K02065	45.03552029668112
797	K04744	44.99200331852328
798	K05807	44.864198966458616
799	K00931	44.817682760223974
800	K03269	44.541099190571046
801	K07260	44.44836346222319
802	K00812	44.413163374974275
803	K23675	44.377222735754316
804	K00874	44.36403253537493
805	K00060	44.36243245788314
806	K03282	44.30990468907818
807	K07636	44.226641860933945
808	K22132	44.14311467592898
809	K19271	44.134172963669954
810	K03705	44.10775592370009
811	K01790	44.006161235180144
812	K09762	43.827006840125016
813	K03098	43.79971736819584
814	K19265	43.78060656058611
815	K01524	43.69300587278597
816	K10947	43.483324804337244
817	K07304	43.47711392723473
818	K00459	43.47408724888683
819	K00029	43.26701959452212
820	K07736	43.23770631760554
821	K05337	43.21302006077044
822	K03473	43.17912502667462
823	K04041	43.11889269939686
824	K02469	43.09504437927009
825	K06295	42.92970812483126
826	K02108	42.76138640465313
827	K00179	42.737790481471954
828	K14652	42.69651061205462
829	K08289	42.60209659104569
830	K03718	42.573447791065526
831	K01179	42.413244080861226
832	K01089	42.304229713297
833	K21556	42.230105852219346
834	K25026	42.189947819575686
835	K03588	42.16318699880491
836	K04516	42.101540311753475
837	K07025	42.09184861928241
838	K13532	41.946244054934105
839	K04517	41.89215269857506
840	K23876	41.88755833393128
841	K24180	41.875980568971734
842	K03086	41.80376056979624
843	K00031	41.661442780299026
844	K01918	41.62575225741689
845	K03770	41.61991688247943
846	K02069	41.448508977030436
847	K07166	41.40858971417431
848	K05946	41.32057706606008
849	K07027	41.31499627724948
850	K07813	41.24392297341792
851	K21571	41.14836107245088
852	K19166	41.05029130447678
853	K24131	40.95587977664098
854	K03783	40.93094047903954
855	K05985	40.828529902435534
856	K04094	40.74160247995382
857	K05832	40.71078026393187
858	K18691	40.58833835381007
859	K13038	40.56947108248464
860	K08968	40.45478459913457
861	K01205	40.383623653847614
862	K02005	40.36415304426873
863	K06382	40.31785456348075
864	K09797	40.315688287795005
865	K03426	40.25928885981651
866	K18887	40.1640141744091
867	K00231	40.11457931681604
868	K19355	40.00713218702403
869	K01160	39.945324534318075
870	K02784	39.7431474685278
871	K02315	39.51957868860701
872	K07192	39.45381600563847
873	K07574	39.33952137228243
874	K19334	39.172264417456525
875	K01338	39.0751969408125
876	K01815	39.05609044819039
877	K01012	39.02985141875839
878	K07699	39.00733532988309
879	K00177	38.96180328544245
880	K06023	38.862256123252905
881	K03798	38.854411213542924
882	K09779	38.85335111171531
883	K03696	38.84946102529923
884	K00334	38.783277474309415
885	K03305	38.75067826401204
886	K18918	38.73607073192509
887	K06218	38.73607073192509
888	K09015	38.729726951083805
889	K01599	38.6995196768334
890	K01092	38.60028928033856
891	K04771	38.572482865582586
892	K00566	38.36618968291099
893	K07053	38.31739450811236
894	K00041	38.12638045422273
895	K05801	38.091114965487336
896	K00820	38.034179107381235
897	K00721	38.02494280254033
898	K06283	37.96432828162659
899	K08309	37.896202741399456
900	K02051	37.88363212080007
901	K03928	37.570276931673796
902	K11392	37.510481279953126
903	K01443	37.49007724819034
904	K03546	37.48781950349919
905	K21908	37.41242723330513
906	K02050	37.404862859528485
907	K07277	37.3667819789218
908	K07005	37.266312647781476
909	K16211	37.160764134412275
910	K03431	37.11210973307633
911	K06201	37.0420837843439
912	K00878	36.97834111381868
913	K17828	36.822691724191344
914	K01243	36.804424302130506
915	K03654	36.763283017268904
916	K13052	36.76126611209698
917	K07571	36.76126611209698
918	K00571	36.75763647357679
919	K01620	36.65700519525823
920	K00605	36.56463421461054
921	K00282	36.56463421461054
922	K03772	36.513927375024274
923	K00683	36.50740429603977
924	K07454	36.4498994748724
925	K06399	36.395779863224035
926	K01738	36.364726052742014
927	K06012	36.32793988871029
928	K02067	36.30695659715653
929	K07030	36.24941751925411
930	K03668	36.108519405843325
931	K02014	36.02951466147583
932	K06024	35.929905972834135
933	K00382	35.92859622945466
934	K09769	35.885606480373816
935	K20608	35.87336007338475
936	K01914	35.86980021722173
937	K00788	35.82616149932206
938	K22927	35.77480256659397
939	K07089	35.72282085711677
940	K14260	35.65873363752658
941	K06385	35.59985045910432
942	K00849	35.5831088608333
943	K07588	35.58117018868433
944	K02038	35.47758453922677
945	K02346	35.470332821507206
946	K06298	35.4630240483266
947	K09922	35.46208021480019
948	K07742	35.42584296955316
949	K05592	35.424911216487054
950	K01710	35.35679051501234
951	K07341	35.33899863022423
952	K01823	35.22661419593453
953	K01277	35.139350868785634
954	K01999	35.11800293672029
955	K01119	35.08270485657707
956	K00611	35.06268310098811
957	K05776	35.03454420612651
958	K07003	35.00398627744487
959	K16898	34.957264581018485
960	K00176	34.897960093034115
961	K07102	34.83712574616487
962	K16568	34.82855673873346
963	K20950	34.822709354055824
964	K09458	34.763435799497294
965	K16692	34.72543053771916
966	K12257	34.53009983083151
967	K11069	34.41754955097705
968	K06314	34.39283936032286
969	K03787	34.334307564223195
970	K04488	34.32622040804863
971	K06200	34.29167127314317
972	K00283	34.24619881303997
973	K07035	34.18462563670952
974	K01639	33.97588222419703
975	K06405	33.83342052769558
976	K23060	33.76518599652987
977	K08999	33.73160911383113
978	K13747	33.6309789218075
979	K21575	33.56106619630619
980	K09810	33.378080942993535
981	K07221	33.24743205053573
982	K00928	33.2354578166651
983	K06406	33.23195318169996
984	K00620	33.230171864516876
985	K06333	33.21167077261051
986	K03885	33.183153544314884
987	K04074	33.078333057946686
988	K07494	33.04628556902941
989	K00703	32.90568770111155
990	K00078	32.82164083640473
991	K01798	32.77450554442098
992	K19955	32.754943877365335
993	K07723	32.73834431281346
994	K09790	32.66335353540093
995	K00941	32.646441949744954
996	K03816	32.60468097276014
997	K19147	32.58858829424868
998	K00014	32.58830355343001
999	K00641	32.454365762620384
1000	K03543	32.27813510616209
1001	K01835	32.25869812890027
1002	K07173	32.20377770508192
1003	K05595	32.19170610437153
1004	K03621	32.09214492683354
1005	K03077	32.06432918744746
1006	K00525	32.05899785848844
1007	K07451	31.968123134020114
1008	K18332	31.946487351472413
1009	K04757	31.927590657889116
1010	K06442	31.83424767285123
1011	K24648	31.813013493717065
1012	K07099	31.78845028089217
1013	K25137	31.75665484034179
1014	K06518	31.73470634649512
1015	K09772	31.663960778773724
1016	K00946	31.528192565127608
1017	K03980	31.485772540633278
1018	K06940	31.461195317961696
1019	K02233	31.386306033773547
1020	K01297	31.08048983709973
1021	K02199	31.065590367687776
1022	K03610	30.9292024789494
1023	K06975	30.665869466367834
1024	K07319	30.625235766086014
1025	K07584	30.61974459161207
1026	K01754	30.61529648638843
1027	K01629	30.610697372887063
1028	K06408	30.607088180012305
1029	K01303	30.487874872331457
1030	K02040	30.444246779003553
1031	K07220	30.42804702939282
1032	K00249	30.39294026605445
1033	K03151	30.301185123946183
1034	K03775	30.293529988005428
1035	K00857	30.285831819522738
1036	K01698	30.067835738684725
1037	K13043	30.007402877531522
1038	K06199	29.921394602692267
1039	K22757	29.822573217469593
1040	K02112	29.772434591849123
1041	K05939	29.72133361520146
1042	K18218	29.704555288128095
1043	K03292	29.567320083275117
1044	K03742	29.53549910462546
1045	K02227	29.521531201637472
1046	K01308	29.51719312793399
1047	K16786	29.44866379081901
1048	K00096	29.398926833494656
1049	K03216	29.10457085982003
1050	K01679	28.680775961521885
1051	K00384	28.628676406052747
1052	K00992	28.41005641941344
1053	K16789	28.355447197788386
1054	K01696	28.31590287912341
1055	K15977	28.301030594972904
1056	K01241	28.301030594972904
1057	K01095	28.239857110656448
1058	K00768	28.221258617694335
1059	K03814	28.19661384355678
1060	K04070	28.189330175181667
1061	K03469	28.185418747135678
1062	K17320	28.126776338146488
1063	K06317	28.019647606102136
1064	K07149	28.015361982532067
1065	K11071	27.8337272277388
1066	K00616	27.81085982016946
1067	K02020	27.794294261732347
1068	K06610	27.79386743589261
1069	K01813	27.79386743589261
1070	K07012	27.79386743589261
1071	K19117	27.79386743589261
1072	K07464	27.79386743589261
1073	K19118	27.79386743589261
1074	K19119	27.79386743589261
1075	K03800	27.79386743589261
1076	K00989	27.770956004654643
1077	K09117	27.731976075847545
1078	K06294	27.61590782074545
1079	K06349	27.61590782074545
1080	K02647	27.59451285058725
1081	K03442	27.417612184638102
1082	K06438	27.315680188169974
1083	K11690	27.293250651097917
1084	K15519	27.025656467184614
1085	K24847	27.01439742107719
1086	K00265	26.988366069082225
1087	K06006	26.945991498958552
1088	K11065	26.945991498958552
1089	K03303	26.93774405536628
1090	K06206	26.78157223453915
1091	K04027	26.762026339820245
1092	K18640	26.75561264379043
1093	K20534	26.73337008168498
1094	K06383	26.721500903111146
1095	K14761	26.706790823055826
1096	K04072	26.6308156845961
1097	K03930	26.610406974970033
1098	K07458	26.610406974970033
1099	K18888	26.592404862456707
1100	K03722	26.548934588793177
1101	K07010	26.506052793781034
1102	K06894	26.506052793781034
1103	K04758	26.50532097336854
1104	K01200	26.474580586639373
1105	K08998	26.425199700457075
1106	K01993	26.424683999497926
1107	K00661	26.409549533849415
1108	K20151	26.409549533849415
1109	K14153	26.409549533849415
1110	K03707	26.409549533849415
1111	K10532	26.409549533849415
1112	K25152	26.38290917151414
1113	K15530	26.348013922210974
1114	K06079	26.348013922210974
1115	K02548	26.348013922210974
1116	K09805	26.348013922210974
1117	K01267	26.348013922210974
1118	K02805	26.331231299976114
1119	K09765	26.32031142073622
1120	K05566	26.22518037442627
1121	K05567	26.22518037442627
1122	K03284	26.16337907667716
1123	K03660	26.11102750945238
1124	K06398	26.11032204677473
1125	K18475	26.05276549779892
1126	K15987	25.918952545590788
1127	K00639	25.857569086053957
1128	K00278	25.810337139020067
1129	K03773	25.810337139020067
1130	K00239	25.77255002615315
1131	K03500	25.733348684579017
1132	K01950	25.729449803595795
1133	K08978	25.729449803595795
1134	K12524	25.729449803595795
1135	K10716	25.729064491867597
1136	K00428	25.729064491867597
1137	K09157	25.70331605430984
1138	K11904	25.688443584926578
1139	K13283	25.649992986327284
1140	K23997	25.64667773574817
1141	K02037	25.597102777848153
1142	K06915	25.590813282552393
1143	K22293	25.588111338164254
1144	K06960	25.516916749608136
1145	K19405	25.501995193008476
1146	K03708	25.501995193008476
1147	K19411	25.501995193008476
1148	K03413	25.490512369398353
1149	K01711	25.43926181088148
1150	K02377	25.43926181088148
1151	K13684	25.43926181088148
1152	K02574	25.43926181088148
1153	K01185	25.43926181088148
1154	K00067	25.43926181088148
1155	K12976	25.43926181088148
1156	K01183	25.43547144408043
1157	K01804	25.38370334954879
1158	K03695	25.38370334954879
1159	K02472	25.38370334954879
1160	K12308	25.381629876692628
1161	K11051	25.372712212137493
1162	K11050	25.372712212137493
1163	K09011	25.3623275524551
1164	K08306	25.3623275524551
1165	K08191	25.3623275524551
1166	K01667	25.32411767156988
1167	K25010	25.313146062299026
1168	K18581	25.271568122771505
1169	K09516	25.271568122771505
1170	K25767	25.271568122771505
1171	K02517	25.271568122771505
1172	K11085	25.271568122771505
1173	K18831	25.25526799266428
1174	K21498	25.25526799266428
1175	K06379	25.199127636268763
1176	K03711	25.1905040684165
1177	K01858	25.1905040684165
1178	K22214	25.1905040684165
1179	K18353	25.1905040684165
1180	K09774	25.1905040684165
1181	K01486	25.10668380436632
1182	K01271	25.088352497236905
1183	K00821	25.039200020306286
1184	K02073	25.006222149906367
1185	K08659	24.951314950195545
1186	K19144	24.893838789334175
1187	K01989	24.835068780434604
1188	K12340	24.807249395152557
1189	K10254	24.8068814765881
1190	K00626	24.79355003433912
1191	K11175	24.750428656049777
1192	K03150	24.748497309329153
1193	K07474	24.71332320864726
1194	K17752	24.646998659784746
1195	K06882	24.642360691139164
1196	K02529	24.624877937296322
1197	K01515	24.619340394413722
1198	K02371	24.57175947529088
1199	K25283	24.558528337023514
1200	K04034	24.536711804397754
1201	K01638	24.52909329596715
1202	K06182	24.493203468397756
1203	K20257	24.465350082319773
1204	K01966	24.442005186575198
1205	K01685	24.442005186575198
1206	K07386	24.442005186575198
1207	K01604	24.442005186575198
1208	K00058	24.406052771270655
1209	K12339	24.40561214153441
1210	K06209	24.38894228954963
1211	K02111	24.297082500388484
1212	K00980	24.199022081066612
1213	K15738	24.124273912309448
1214	K11719	24.124273912309448
1215	K00259	24.10720549289597
1216	K01433	24.103097783312073
1217	K11358	24.072281673812363
1218	K02188	23.985016531685705
1219	K06387	23.982730940173216
1220	K06989	23.97515829207321
1221	K01847	23.97515829207321
1222	K06020	23.97515829207321
1223	K01821	23.95970857368545
1224	K03713	23.896035028658734
1225	K11145	23.870157040605125
1226	K01487	23.750834963411457
1227	K10536	23.689921555498035
1228	K06196	23.67072418438087
1229	K07015	23.649970336327712
1230	K02551	23.621746419814368
1231	K04565	23.610970529583835
1232	K04761	23.542196654253857
1233	K07231	23.542196654253857
1234	K18220	23.524953664723178
1235	K07775	23.49749428247524
1236	K09777	23.483177417862418
1237	K00248	23.473919920861093
1238	K02015	23.473823207173044
1239	K00949	23.4723741661137
1240	K03503	23.438028448801777
1241	K00761	23.426292143546792
1242	K03763	23.22827516666055
1243	K02110	23.21898250531255
1244	K06423	23.188011463104477
1245	K17319	23.185287772160475
1246	K19575	23.17202801464408
1247	K11621	23.115910851270264
1248	K13789	23.058170570004975
1249	K06334	23.02671035078162
1250	K11928	23.015325011423727
1251	K08218	22.990154191559018
1252	K01811	22.990154191559018
1253	K01647	22.951526548643923
1254	K06967	22.907254481575077
1255	K09803	22.744390419442862
1256	K06923	22.660783760184646
1257	K06394	22.509770042839765
1258	K03320	22.45307529290615
1259	K07004	22.439063237462765
1260	K02013	22.348292136856195
1261	K19005	22.32862648492065
1262	K03627	22.296509482781282
1263	K17472	22.269005401788743
1264	K06286	22.229795081577105
1265	K05570	22.10188018310874
1266	K05569	22.10188018310874
1267	K05571	22.10188018310874
1268	K01652	22.09051296771515
1269	K16511	22.02796355125935
1270	K02435	21.894274154876552
1271	K07181	21.80819648224374
1272	K00116	21.78694696453745
1273	K02115	21.662614986219648
1274	K09690	21.6291874672683
1275	K00801	21.586564758329054
1276	K08986	21.515045134211768
1277	K03644	21.489402690351145
1278	K01749	21.47601878358629
1279	K02409	21.463066521154378
1280	K06407	21.369021183202857
1281	K23775	21.337389187008295
1282	K02492	21.311657776345882
1283	K24119	21.197365202615966
1284	K08483	21.094445152638432
1285	K00341	21.048548025004642
1286	K07066	21.015251684356837
1287	K15539	21.01460482215654
1288	K02120	20.986403950959602
1289	K16787	20.971624216657457
1290	K01537	20.893275692624105
1291	K03455	20.888411624943625
1292	K02490	20.79603649373284
1293	K15531	20.7771072635551
1294	K23779	20.65142229995871
1295	K17992	20.42472326348753
1296	K01468	20.381039822993348
1297	K03932	20.338497610135658
1298	K01796	20.331508156690013
1299	K03346	20.30713496487318
1300	K17105	20.28663431363078
1301	K00887	20.278796142160246
1302	K18926	20.089477149864926
1303	K05521	20.074726953208152
1304	K17609	19.992608439415086
1305	K03571	19.98580714460897
1306	K07316	19.984929494602543
1307	K02598	19.91686318825849
1308	K18013	19.90230482029353
1309	K07045	19.802713272269596
1310	K02072	19.77843911214319
1311	K02552	19.75124521535493
1312	K17290	19.680878575209498
1313	K06409	19.650408893502455
1314	K07705	19.53635404281153
1315	K07726	19.52704271756804
1316	K03568	19.520431855854763
1317	K04769	19.514121994510433
1318	K01167	19.457085519027572
1319	K07570	19.440312866496516
1320	K07038	19.419642031329133
1321	K03313	19.200007039362163
1322	K03311	19.122575551735483
1323	K06919	19.111696226791356
1324	K06386	19.077490367906943
1325	K00343	19.02470703211925
1326	K03412	19.00756044761383
1327	K19802	18.981327680894516
1328	K08722	18.778701357567364
1329	K15518	18.748454532162928
1330	K03637	18.709838784057514
1331	K06897	18.702707211494964
1332	K07105	18.59829219190115
1333	K06370	18.59829219190115
1334	K00331	18.589707931628883
1335	K17077	18.58487892414003
1336	K03429	18.496524385213792
1337	K09163	18.440256500666713
1338	K01753	18.37985934303463
1339	K22136	18.32577599362949
1340	K07403	18.178998111531246
1341	K19222	18.053697022636264
1342	K00390	18.041663657352764
1343	K09388	18.03628777357036
1344	K09861	18.006940219347197
1345	K02614	17.95158908203244
1346	K01802	17.922484260027783
1347	K21688	17.863556427814057
1348	K01156	17.814419424498283
1349	K15051	17.67963088851538
1350	K03270	17.63393625249368
1351	K03095	17.590728916534506
1352	K00797	17.497995867127624
1353	K09167	17.462963398129464
1354	K03698	17.419783954309572
1355	K04088	17.406494715276985
1356	K01421	17.403688995802813
1357	K03183	17.37704270900207
1358	K02018	17.350200513232647
1359	K23535	17.21731040623401
1360	K01661	17.20789016722325
1361	K16703	16.937291823484696
1362	K06421	16.91123628000299
1363	K19788	16.91123628000299
1364	K09834	16.7561943236254
1365	K03415	16.735206678685678
1366	K08264	16.664609611254004
1367	K03709	16.60332130220935
1368	K00926	16.59190949450799
1369	K00024	16.53619624224495
1370	K07443	16.52991904108525
1371	K10112	16.45010246572579
1372	K11936	16.45010246572579
1373	K12999	16.448296523049805
1374	K02434	16.448296523049805
1375	K00995	16.448296523049805
1376	K07444	16.448296523049805
1377	K25627	16.448296523049805
1378	K06147	16.448296523049805
1379	K14060	16.355771987071627
1380	K16044	16.31952306707444
1381	K03490	16.27599701116338
1382	K05898	16.271428740424472
1383	K09816	16.26135782487834
1384	K01463	16.214703290369364
1385	K25284	16.15295361194818
1386	K01807	16.152388633646126
1387	K07706	16.105169478045507
1388	K07862	16.059893821254203
1389	K17318	16.02430460828777
1390	K03688	15.846935308482696
1391	K01534	15.840541561273604
1392	K06194	15.840541561273604
1393	K03769	15.775681383692369
1394	K00979	15.756301429655196
1395	K00564	15.704320264229759
1396	K06193	15.664716993229922
1397	K09702	15.653585482136886
1398	K07498	15.58663912816475
1399	K05366	15.577843260236964
1400	K01695	15.556943174674604
1401	K17837	15.553750980234645
1402	K03388	15.553750980234645
1403	K14127	15.553750980234645
1404	K01552	15.553750980234645
1405	K00125	15.553750980234645
1406	K16951	15.553750980234645
1407	K21600	15.547034787658324
1408	K21394	15.509939607196461
1409	K02829	15.468144748419165
1410	K09118	15.41427991117476
1411	K06167	15.382676773657183
1412	K01916	15.3775598951119
1413	K06013	15.371102450668158
1414	K01728	15.157946300590707
1415	K07461	15.154484909844104
1416	K00766	15.141613395812927
1417	K01664	15.076693636121584
1418	K01658	15.076693636121584
1419	K02446	15.009820374439837
1420	K07340	14.991036975524075
1421	K03465	14.973477647439976
1422	K16363	14.944557296840111
1423	K06402	14.92489123338725
1424	K16788	14.92489123338725
1425	K00208	14.908388939546235
1426	K07113	14.884695325790824
1427	K06306	14.745224524327314
1428	K25027	14.732045420311072
1429	K06305	14.724318501080582
1430	K16869	14.724318501080582
1431	K00435	14.724318501080582
1432	K07777	14.640314909573146
1433	K06041	14.623976738421046
1434	K03408	14.61211795942794
1435	K01269	14.604724021923355
1436	K06950	14.583415871110295
1437	K07476	14.559103882637073
1438	K02828	14.522095294103277
1439	K18244	14.503807120340575
1440	K06415	14.442930100518735
1441	K02791	14.413729757051227
1442	K20118	14.413729757051227
1443	K02510	14.413729757051227
1444	K01567	14.413729757051227
1445	K21397	14.395188936892868
1446	K07717	14.388101028531048
1447	K07719	14.388101028531048
1448	K01066	14.380086991785983
1449	K06392	14.372437535150327
1450	K06391	14.372437535150327
1451	K06390	14.372437535150327
1452	K06393	14.372437535150327
1453	K02039	14.371417823440328
1454	K02279	14.317864051549485
1455	K01745	14.273070970740442
1456	K04720	14.262096278477356
1457	K02232	14.262096278477356
1458	K07448	14.21732343121595
1459	K03587	14.154004867763376
1460	K08384	14.154004867763376
1461	K23948	14.128096021557777
1462	K15553	14.10773031643125
1463	K01480	14.050188876218801
1464	K07094	14.039609063806692
1465	K02109	13.983768774030905
1466	K02113	13.983768774030905
1467	K15372	13.968998405442981
1468	K02347	13.966232267144871
1469	K00868	13.962549864282035
1470	K01938	13.962549864282035
1471	K16710	13.962549864282035
1472	K17722	13.946160952459906
1473	K06425	13.939349867697025
1474	K07034	13.90617427280797
1475	K15986	13.876311594719114
1476	K21071	13.751154501827402
1477	K18345	13.731722053529445
1478	K06378	13.731722053529445
1479	K21471	13.6461480692096
1480	K02859	13.620908016405563
1481	K04768	13.611956841812072
1482	K25114	13.606514349994223
1483	K25115	13.606514349994223
1484	K09685	13.580411297324837
1485	K02257	13.533280198219359
1486	K06183	13.510631931836416
1487	K17686	13.510631931836416
1488	K13531	13.48318143482261
1489	K00381	13.474862375214798
1490	K01419	13.468430243789559
1491	K03667	13.468430243789559
1492	K03706	13.468430243789559
1493	K02049	13.436924067223877
1494	K06396	13.402956198019083
1495	K06397	13.402956198019083
1496	K03386	13.390715502037843
1497	K11477	13.381013169910123
1498	K01628	13.381013169910123
1499	K04029	13.381013169910123
1500	K04028	13.381013169910123
1501	K13922	13.381013169910123
1502	K04031	13.381013169910123
1503	K05770	13.379819853792057
1504	K19221	13.379819853792057
1505	K18346	13.379819853792057
1506	K14540	13.379819853792057
1507	K01002	13.379819853792057
1508	K16149	13.30379065501723
1509	K10907	13.302646914659356
1510	K18814	13.302646914659356
1511	K02226	13.295438193147838
1512	K07791	13.272654412760158
1513	K03768	13.246029389001208
1514	K18770	13.246029389001208
1515	K06042	13.204368585070075
1516	K05936	13.204368585070075
1517	K02189	13.204368585070075
1518	K05934	13.204368585070075
1519	K00595	13.204368585070075
1520	K25153	13.194513072389404
1521	K00335	13.194513072389404
1522	K18331	13.194513072389404
1523	K18330	13.194513072389404
1524	K08988	13.192785077142776
1525	K04751	13.184982858388091
1526	K09936	13.171799629951739
1527	K02275	13.062384148199857
1528	K07118	13.046143862564836
1529	K07182	12.970350873177988
1530	K14393	12.965587119396497
1531	K18928	12.964634226299925
1532	K18929	12.964634226299925
1533	K01712	12.954604620018024
1534	K23537	12.949557307712148
1535	K23265	12.825337775781662
1536	K23264	12.825337775781662
1537	K07257	12.821106664011594
1538	K16509	12.820511701745712
1539	K09764	12.798806924917345
1540	K01261	12.792174637104035
1541	K18369	12.789447881672482
1542	K24873	12.748890691916811
1543	K06198	12.73557518568003
1544	K07318	12.681747676003734
1545	K25151	12.65984859902821
1546	K19342	12.65000719156344
1547	K00055	12.54790329355512
1548	K07505	12.543199480396833
1549	K00805	12.536904239256724
1550	K06285	12.536904239256724
1551	K08989	12.519805651973941
1552	K02405	12.505419674698306
1553	K03411	12.505419674698306
1554	K07446	12.441758790839954
1555	K02497	12.436152835612637
1556	K03609	12.432678093735607
1557	K24042	12.42234960774414
1558	K13853	12.410973463024602
1559	K09680	12.384700965624594
1560	K00830	12.376511718308434
1561	K00839	12.376511718308434
1562	K02083	12.376511718308434
1563	K04061	12.34353483887162
1564	K02224	12.304261533732554
1565	K11733	12.301215986371316
1566	K08152	12.251462446805338
1567	K03298	12.249232419814385
1568	K00563	12.188792835205376
1569	K09773	12.187910639927626
1570	K23774	12.187910639927626
1571	K02433	12.17891805301357
1572	K01426	12.17891805301357
1573	K09770	12.16910318301614
1574	K06384	12.168810837825344
1575	K07668	12.168810837825344
1576	K09682	12.157419521587242
1577	K02246	12.14543101475888
1578	K02245	12.14543101475888
1579	K02248	12.14543101475888
1580	K02385	12.141795024212273
1581	K02416	12.141795024212273
1582	K02415	12.141795024212273
1583	K15554	12.108671122910923
1584	K07459	12.053147561757049
1585	K06208	12.042813872841126
1586	K02557	12.038976888255977
1587	K02556	12.038976888255977
1588	K07507	12.033010917457332
1589	K03623	11.998813528407359
1590	K19092	11.998813528407359
1591	K03886	11.925273728093513
1592	K11261	11.889114955360528
1593	K02413	11.878606415576218
1594	K01902	11.87303013531891
1595	K07313	11.869536918728127
1596	K09768	11.86267629604404
1597	K11249	11.831115200442692
1598	K06886	11.829914165799549
1599	K02011	11.799738845041174
1600	K02203	11.781925322488737
1601	K09825	11.77908493547753
1602	K03297	11.773262142104558
1603	K02417	11.758790315868907
1604	K02418	11.758790315868907
1605	K06411	11.712619879415273
1606	K16168	11.708290890778853
1607	K02086	11.696711649825309
1608	K09766	11.686004407847083
1609	K04076	11.665065751571277
1610	K11144	11.657541910465016
1611	K01011	11.657340852826431
1612	K03387	11.654527297323037
1613	K03972	11.654409092837337
1614	K11708	11.592568654021962
1615	K22108	11.553178424704134
1616	K00150	11.544659157123286
1617	K01666	11.53859560223447
1618	K01994	11.511296767124438
1619	K11921	11.46769127275639
1620	K08281	11.44796112679733
1621	K23753	11.396885893925866
1622	K22135	11.394105961702179
1623	K01500	11.385925621822803
1624	K10038	11.369256961859646
1625	K11634	11.364329008910921
1626	K01434	11.361986938729906
1627	K01854	11.356866252109116
1628	K16011	11.347138429019662
1629	K00997	11.318171888977751
1630	K02388	11.27026600449151
1631	K02408	11.27026600449151
1632	K07814	11.266999700002987
1633	K03471	11.264944544692986
1634	K06375	11.250862273419957
1635	K02502	11.219280106365323
1636	K01995	11.207742490462946
1637	K04764	11.136844399334754
1638	K07501	11.123287224468447
1639	K03446	11.08126122375835
1640	K02653	11.065969300976477
1641	K16147	11.065969300976477
1642	K02243	11.063500252851783
1643	K08223	11.013888851218107
1644	K00782	11.013888851218107
1645	K18816	10.978760994002414
1646	K19158	10.931927439751698
1647	K03824	10.927127525124106
1648	K01759	10.915019425401523
1649	K23734	10.891921483327375
1650	K07148	10.888304699358551
1651	K21395	10.862752231158257
1652	K00338	10.846141729412327
1653	K03529	10.830033975979116
1654	K03186	10.814012540800327
1655	K03179	10.814012540800327
1656	K02391	10.810855263367463
1657	K01224	10.790426127847432
1658	K00549	10.761863802379843
1659	K07074	10.743819231254685
1660	K03700	10.718696049931504
1661	K07718	10.71292515888112
1662	K14982	10.693689831264773
1663	K01529	10.684495167010104
1664	K16566	10.682939010895248
1665	K23786	10.680444554763953
1666	K01673	10.664656628781715
1667	K03684	10.64013483991583
1668	K06143	10.626607790807297
1669	K16937	10.625579071208673
1670	K22390	10.624585263154566
1671	K07652	10.60334534853769
1672	K08641	10.576231017446153
1673	K00847	10.569217999051874
1674	K04940	10.552874011857016
1675	K07402	10.544536162559478
1676	K03306	10.534684033992598
1677	K01772	10.52734506171917
1678	K02761	10.526873137725529
1679	K02669	10.512649949942002
1680	K23980	10.512649949942002
1681	K01246	10.512649949942002
1682	K09791	10.512649949942002
1683	K03652	10.509699286666285
1684	K10823	10.495031159664295
1685	K15583	10.495031159664295
1686	K09705	10.481665818299643
1687	K00937	10.469800497935616
1688	K03578	10.467544875255124
1689	K19055	10.46254908022014
1690	K06933	10.422921031940161
1691	K07337	10.419364800781972
1692	K09859	10.419364800781972
1693	K13663	10.419364800781972
1694	K03892	10.393841286788462
1695	K06347	10.387280417667005
1696	K06348	10.387280417667005
1697	K02160	10.358228850349466
1698	K01961	10.358228850349466
1699	K20488	10.356813257620033
1700	K00658	10.348025931971776
1701	K04042	10.342256905243028
1702	K02027	10.322087172149537
1703	K05813	10.322087172149537
1704	K11782	10.31110114852446
1705	K07335	10.29023265696496
1706	K03315	10.285073558635176
1707	K04085	10.268848364267654
1708	K07112	10.268848364267654
1709	K06880	10.268848364267654
1710	K24948	10.247221355547573
1711	K04568	10.246015633542978
1712	K00972	10.236473983794758
1713	K23144	10.23503622201604
1714	K11102	10.206375574142879
1715	K03312	10.191206590772106
1716	K10843	10.189834713634877
1717	K00340	10.187301492374225
1718	K14335	10.183101739168816
1719	K00901	10.181979910903298
1720	K01692	10.166791767287972
1721	K22905	10.161903994316294
1722	K00674	10.142935649698645
1723	K01546	10.135176445560141
1724	K00389	10.078552115100214
1725	K03639	10.072112922018418
1726	K03753	10.072112922018418
1727	K19449	10.05933853489781
1728	K04651	10.04204724561499
1729	K04652	10.04204724561499
1730	K01073	10.040091890023596
1731	K16326	10.027896762909323
1732	K01060	10.01861541207888
1733	K07586	9.987549646780883
1734	K12251	9.981173510962261
1735	K07343	9.928535437630467
1736	K03273	9.91478602574316
1737	K02533	9.904032808496677
1738	K03147	9.886322626886301
1739	K05794	9.88612705265298
1740	K02025	9.882126469224968
1741	K18456	9.863222670048442
1742	K13643	9.863222670048442
1743	K07077	9.85785982173655
1744	K15975	9.831283422371074
1745	K02259	9.819270549212055
1746	K13049	9.783764714833495
1747	K06877	9.77619107487729
1748	K02082	9.774172511507286
1749	K11942	9.770173041431063
1750	K07300	9.765219098218955
1751	K17723	9.76286066836269
1752	K03582	9.74793664013086
1753	K15865	9.743776190890044
1754	K09817	9.727698597435142
1755	K01118	9.70185703260312
1756	K22605	9.699192213496659
1757	K03641	9.660298110170032
1758	K03640	9.660298110170032
1759	K05539	9.589072382469757
1760	K00864	9.583374249819823
1761	K09131	9.570012043301977
1762	K05786	9.564241497322941
1763	K15045	9.51105423210583
1764	K00260	9.506335347841075
1765	K19224	9.480843248690407
1766	K18285	9.471528103072822
1767	K06993	9.471528103072822
1768	K01975	9.463070167173564
1769	K11927	9.457151801342897
1770	K00012	9.442296097294538
1771	K00845	9.427997694369283
1772	K22441	9.418866400509842
1773	K02400	9.41770986009579
1774	K02404	9.41770986009579
1775	K01150	9.40315092949654
1776	K08679	9.393163065168505
1777	K24105	9.386903862054979
1778	K00662	9.38316890552876
1779	K06076	9.377801499179059
1780	K01768	9.377693809598258
1781	K03409	9.374409175286338
1782	K08981	9.360047940184081
1783	K03072	9.33959576241501
1784	K01208	9.33959576241501
1785	K24041	9.329122661147956
1786	K10914	9.32626465518469
1787	K17108	9.291853109485308
1788	K23776	9.273168725900492
1789	K06313	9.23197116221725
1790	K15582	9.210544282550993
1791	K02410	9.200530781092546
1792	K09698	9.194327572818189
1793	K13771	9.193234782000552
1794	K17076	9.185849326065139
1795	K13985	9.17069044045768
1796	K01596	9.17069044045768
1797	K05967	9.141234705173648
1798	K23010	9.118519576945483
1799	K21430	9.103057723536411
1800	K13829	9.094856872025114
1801	K24866	9.086375358832557
1802	K06376	9.073455530679105
1803	K16698	9.05536954356645
1804	K03634	9.052806842541093
1805	K00254	9.022204040619304
1806	K13895	9.01639611104716
1807	K03592	8.97692780113334
1808	K13894	8.97692780113334
1809	K19168	8.975634262688857
1810	K22074	8.975634262688857
1811	K03117	8.974207700045566
1812	K01496	8.968717488399106
1813	K08678	8.952891208401153
1814	K05937	8.943090096208936
1815	K21064	8.914911292469121
1816	K01494	8.872841637679247
1817	K07067	8.871707451024239
1818	K15580	8.852156527573731
1819	K16199	8.852156527573731
1820	K09989	8.851250009746046
1821	K11527	8.849715647661023
1822	K04760	8.838691223734939
1823	K09928	8.838691223734939
1824	K02478	8.836608592293853
1825	K05568	8.829073643143609
1826	K11184	8.814920259193737
1827	K11783	8.809913333506909
1828	K11785	8.809913333506909
1829	K13479	8.767036492585085
1830	K00111	8.750816570759282
1831	K03651	8.746440068348301
1832	K10036	8.729602864813813
1833	K11535	8.726366457334686
1834	K17762	8.71579770305415
1835	K07323	8.698514092038383
1836	K02221	8.670653194825888
1837	K18925	8.650544299671651
1838	K16904	8.650544299671651
1839	K01573	8.645266485921347
1840	K03710	8.63324002389349
1841	K03410	8.63153619076099
1842	K03666	8.608407001538195
1843	K02016	8.608259827207027
1844	K07800	8.582355252598571
1845	K01621	8.57061032873097
1846	K07054	8.561871194885356
1847	K01963	8.554429821913365
1848	K00860	8.533708003361586
1849	K06318	8.52731283849096
1850	K07499	8.481581901591083
1851	K00824	8.475410726450244
1852	K03453	8.407706142481487
1853	K19420	8.381205003946357
1854	K06978	8.344160623787033
1855	K03642	8.340563288121764
1856	K09942	8.31040664470989
1857	K02474	8.23155650256953
1858	K01962	8.216458454180081
1859	K14273	8.214834576914184
1860	K19167	8.190276901632785
1861	K23536	8.188486463729888
1862	K18575	8.174557955601331
1863	K00112	8.128758412038634
1864	K01193	8.115007193977583
1865	K03752	8.114005674448729
1866	K02398	8.111538427263735
1867	K02122	8.109694300551572
1868	K01142	8.108587043968951
1869	K07175	8.095123871195385
1870	K01479	8.068287165318587
1871	K20742	8.038072466265385
1872	K04766	8.017159192993672
1873	K04767	8.017159192993672
1874	K14054	7.994423469782645
1875	K01051	7.989314218370924
1876	K03583	7.986184783811178
1877	K11689	7.969635744216769
1878	K01548	7.968721113385964
1879	K07646	7.968721113385964
1880	K02422	7.961744290148593
1881	K08974	7.959352250863716
1882	K02652	7.941232787105221
1883	K21929	7.937074762313321
1884	K00865	7.883290638947524
1885	K00013	7.874432662078153
1886	K03580	7.853496074455725
1887	K01779	7.832071458214119
1888	K07145	7.81774429442179
1889	K01845	7.793096750024282
1890	K03743	7.779067410459736
1891	K12527	7.774268884289964
1892	K10804	7.755656409555039
1893	K02406	7.749568528922663
1894	K16212	7.670726625525733
1895	K00955	7.644513667203211
1896	K03784	7.612687098665757
1897	K06891	7.542076667605668
1898	K03149	7.529445011151057
1899	K06607	7.501832924903266
1900	K09992	7.475727210833689
1901	K06422	7.475035547560519
1902	K01192	7.470806251660671
1903	K02796	7.460304078080241
1904	K02795	7.460304078080241
1905	K00243	7.440630346728517
1906	K06908	7.428976647400731
1907	K13598	7.387946995686411
1908	K18866	7.384756380806475
1909	K06413	7.368461933882086
1910	K06188	7.362915341661073
1911	K15581	7.313028320559544
1912	K16203	7.313028320559544
1913	K16200	7.313028320559544
1914	K05991	7.303652525980763
1915	K03449	7.273910967743206
1916	K02071	7.264371572412213
1917	K09973	7.249550750633308
1918	K04566	7.175592800357287
1919	K02431	7.161880438733994
1920	K07141	7.128778788770022
1921	K00005	7.095754440303149
1922	K07733	7.072685023597615
1923	K02800	7.060821108773264
1924	K16557	7.053920523792459
1925	K21739	7.037139603939116
1926	K16213	7.02749398900211
1927	K01678	6.981050455178936
1928	K07080	6.97099718735953
1929	K03563	6.940779984979844
1930	K13626	6.940779984979844
1931	K00263	6.9342405976435675
1932	K03856	6.8590853053072935
1933	K02396	6.858322454017345
1934	K03274	6.833151921553608
1935	K21030	6.805489598827909
1936	K20469	6.7700574813182035
1937	K09858	6.769775077885954
1938	K13583	6.7596672917387135
1939	K06884	6.722228312234259
1940	K06951	6.71251909502795
1941	K17758	6.683930367164975
1942	K02663	6.657348465273885
1943	K02664	6.657348465273885
1944	K07172	6.64250688066488
1945	K23356	6.624785767760287
1946	K03750	6.581368728089692
1947	K02825	6.569790550933789
1948	K02383	6.550573786937948
1949	K00330	6.530785055044098
1950	K04750	6.524055022543093
1951	K01046	6.4380784501361825
1952	K22491	6.437424883058909
1953	K13075	6.414788390227702
1954	K01839	6.361431526141653
1955	K02407	6.354298425458418
1956	K03271	6.348759531551906
1957	K02064	6.343215696892184
1958	K03820	6.3212054648742635
1959	K02798	6.302975334633854
1960	K00009	6.302975334633854
1961	K21828	6.287461016243971
1962	K10761	6.281144339605085
1963	K02499	6.256531430811819
1964	K07282	6.208748501690042
1965	K06972	6.190475960377522
1966	K13016	6.170974821227509
1967	K22300	6.142380881569062
1968	K02768	6.023712981854206
1969	K02527	5.942162613836113
1970	K00038	5.938612773799113
1971	K19350	5.696284450363854
1972	K09116	5.650962988257304
1973	K00963	5.541204801525452
1974	K03643	5.508238155380369
1975	K00940	5.495029585468248
1976	K07104	5.448422385967367
1977	K01644	5.370219790765758
1978	K13012	5.364240206230005
1979	K12990	5.330960242576813
1980	K03462	5.304383143873878
1981	K01971	5.246864328291343
1982	K13017	5.145049914594904
1983	K06338	5.135429052720478
1984	K13444	5.131268381400638
1985	K25227	5.025288246925944
1986	K09691	5.017035702794271
1987	K06221	4.86701182058259
1988	K07000	4.33732091806356
1989	K03337	3.9501905985918677
